weighted_persons,weighted_filers,poverty_rate_baseline,persons_in_poverty_baseline,poverty_gap_baseline_$,house_district,poverty_rate_no_eitc,persons_lifted_no_eitc,gap_closed_no_eitc_$,poverty_rate_no_ctc,persons_lifted_no_ctc,gap_closed_no_ctc_$,poverty_rate_no_hi_eitc,persons_lifted_no_hi_eitc,gap_closed_no_hi_eitc_$,poverty_rate_no_credits,persons_lifted_no_credits,gap_closed_no_credits_$,poverty_rate_expanded_ctc_2021,persons_lifted_expanded_ctc_2021,gap_closed_expanded_ctc_2021_$,poverty_rate_hi_eitc_100pct,persons_lifted_hi_eitc_100pct,gap_closed_hi_eitc_100pct_$,poverty_rate_hi_ctc_650,persons_lifted_hi_ctc_650,gap_closed_hi_ctc_650_$
31672.0,12913.0,0.15347941399343268,4861.0,25649628.211938173,1,0.17311821166961353,622.0,1674505.2384931296,0.17254988633493307,604.0,715829.5560953915,0.1623200303106845,280.0,591194.5600707345,0.17311821166961353,622.0,3600668.178493127,0.13529300328365748,576.0,1544734.9274919406,0.1378820409194241,494.0,440295.5285138041,0.1381977772164688,484.0,305375.70240170136
29905.0,12065.0,0.19267680989801036,5762.0,28592341.406222284,2,0.22454439057013878,953.0,1861912.932020165,0.21551580003343923,683.0,1022726.2905585393,0.22233740177227887,887.0,521312.5125202164,0.24102992810566795,1446.0,3960327.3918381035,0.16107674301956196,945.0,1561056.5181541555,0.17736164520983114,458.0,467758.3804851547,0.18144123056345093,336.0,358312.44774832577
29961.0,12356.0,0.19248356196388638,5767.0,31736562.903416112,3,0.22005273522245586,826.0,2500714.770167239,0.2218550782684156,880.0,1507879.825312607,0.21314375354627682,619.0,825160.5590714365,0.2372083708821468,1340.0,5688263.785772733,0.1823704148726678,303.0,1849266.199561119,0.17592870731951538,496.0,880253.0170210674,0.19248356196388638,0.0,492960.0
31725.0,13045.0,0.14502758077226163,4601.0,31894549.553552203,5,0.15224586288416075,229.0,1014470.4641713798,0.1480220646178093,95.0,136535.00088107586,0.145973207249803,30.0,379830.78992284834,0.1536643026004728,274.0,1709753.3850458488,0.13913317572892042,187.0,2084241.9359462634,0.14348305752561072,49.0,535488.0545525923,0.14102442868400314,127.0,365480.8534877226
30614.0,12485.0,0.14424772979682499,4416.0,26449227.697867084,6,0.1567910106487228,384.0,1458414.8831636794,0.144901025674528,20.0,173032.71791588515,0.1477428627425361,107.0,560109.8970125057,0.17011824655386423,792.0,2778571.3465898223,0.13124714183053504,398.0,1160750.6480102316,0.1342523028679689,306.0,459886.2808102332,0.13738812308094336,210.0,232035.69241840765
31060.0,12015.0,0.22479072762395363,6982.0,35516858.19391488,7,0.2375402446877012,396.0,1040684.294758968,0.23058596265292983,180.0,155571.328888081,0.2298776561493883,158.0,314645.4998595491,0.2509336767546684,812.0,2129565.104404904,0.2094011590470058,478.0,4048050.676452309,0.22208628461043142,84.0,389487.5830318853,0.22208628461043142,84.0,697131.6836318821
37682.0,13635.0,0.10907064380871503,4110.0,22513937.810539052,9,0.15293774215805955,1653.0,1945575.384830501,0.14566636590414522,1379.0,369630.40574453026,0.11045061302478637,52.0,533276.0016739145,0.15532615041664455,1743.0,4980417.029597186,0.09665092086407304,468.0,1542724.0668267086,0.09800435221060454,417.0,508498.2450653687,0.0994108592962157,364.0,278138.71498120204
31818.0,13144.0,0.1354579169023823,4310.0,21477264.556961887,11,0.14909799484568484,434.0,1673175.78856593,0.14406939468225533,274.0,227855.75845375657,0.13753221446979697,66.0,596111.9373106211,0.16327236155635175,885.0,3121612.677184269,0.1230435602489157,395.0,3025281.6235301755,0.1354579169023823,0.0,846301.3839000016,0.13168646677981016,120.0,516294.5936577916
34002.0,12784.0,0.10681724604435033,3632.0,18772656.66472745,12,0.11578730662902183,305.0,1387258.3539475165,0.10940532909828833,88.0,313252.8573749028,0.10814069760602317,45.0,503156.85203051195,0.11578730662902183,305.0,2518919.925947517,0.09361214046232574,449.0,1428752.9229989797,0.10231751073466266,153.0,642582.44353671,0.10093523910358214,200.0,314759.4022730291
34229.0,13586.0,0.1244266557597359,4259.0,25143474.340230234,13,0.12951006456513484,174.0,1860187.4088674858,0.12863361477110052,144.0,411467.4325355813,0.1267930702036285,81.0,717534.5453942493,0.14061176195623595,554.0,3306600.0181114227,0.12062870665225393,130.0,1735905.473746702,0.12369628093137398,25.0,994338.0333243571,0.12302433608928103,48.0,355602.0293020755
35863.0,13778.0,0.11490951677216073,4121.0,17797491.745481584,14,0.12425062041658534,335.0,1509857.4150358103,0.12076513398209854,210.0,845592.2294703983,0.11744695089646712,91.0,582131.6658155061,0.13314558179739563,654.0,3136694.0735481717,0.09045534394780136,877.0,1556456.5105128214,0.09625519337478738,669.0,675320.9852923118,0.11490951677216073,0.0,420680.0
36727.0,13418.0,0.1459144498597762,5359.0,27915355.074559703,16,0.16314972635935415,633.0,2001182.0925750919,0.15136003485174396,200.0,497908.40203846246,0.1533476733738122,273.0,679438.9783551991,0.17344188199417324,1011.0,3738462.09717308,0.13951588749421406,235.0,1947115.9611272626,0.1395431154191739,234.0,712410.8357833847,0.14259264301467586,122.0,361631.89391210675
21331.0,7679.0,0.10477708499367118,2235.0,11163503.853288224,18,0.13595236979044584,665.0,1306895.194382498,0.13238948009938586,589.0,537473.434355801,0.1317331583141906,575.0,400789.0336021427,0.1392339787164221,735.0,2714847.061360482,0.09024424546434766,310.0,235312.081562547,0.09610426140359102,185.0,228748.43878023885,0.10477708499367118,0.0,94120.0
41345.0,14540.0,0.1040754625710485,4303.0,16268977.467089066,19,0.11682186479622687,527.0,2058553.344825169,0.11314548312976176,375.0,1898431.6262221392,0.11179102672632725,319.0,783947.9464725424,0.12262667795380336,767.0,5319420.881066116,0.07664772040149957,1134.0,1912043.1048348453,0.10117305599226024,120.0,1020367.9675248526,0.10388196879912928,8.0,578510.6042616554
91998.0,31895.0,0.10313267679732169,9488.0,51224752.467311084,20,0.12490488923672254,2003.0,4174055.181984283,0.12402443531381117,1922.0,1804887.9766082093,0.11004587056240353,636.0,1308917.5393317193,0.1419704776190787,3573.0,10320253.850515366,0.08806713189417162,1386.0,5484332.154937759,0.09857822996152091,419.0,1477843.7859281674,0.0996978195178156,316.0,1105115.059025526
19197.0,6244.0,0.11579934364744492,2223.0,7576517.871254238,21,0.15934781476272333,836.0,1679906.3096206551,0.1216335885815492,112.0,780545.0952270404,0.1216335885815492,112.0,550995.059227041,0.15934781476272333,836.0,3810077.097620654,0.10861072042506642,138.0,1227739.5105048101,0.11579934364744492,0.0,757888.2962999996,0.11579934364744492,0.0,331759.99999999907
38486.0,12149.0,0.13217793483344592,5087.0,21563398.642388865,22,0.1513277555474718,737.0,1842507.0948734432,0.15257496232396195,785.0,1038940.3300975114,0.1449877877669802,493.0,621778.6887454316,0.1592007483240659,1040.0,4065446.937973328,0.12160266070778984,407.0,2767008.7468073517,0.1251104297666684,272.0,678486.584947899,0.12666943823728108,212.0,583617.2185675725
20368.0,7410.0,0.06078161822466614,1238.0,7614945.478913988,23,0.06353102906520032,56.0,460878.05026251916,0.06078161822466614,0.0,0.0,0.06078161822466614,0.0,177152.97999999952,0.07644344069128044,319.0,819568.2729679523,0.05862136684996072,44.0,417351.43373768684,0.06078161822466614,0.0,252442.99650000036,0.06078161822466614,0.0,69160.0
56993.0,24308.0,0.1639499587668661,9344.0,53067404.607133746,24,0.17974137174740756,900.0,3789592.2845202982,0.1685821065744916,264.0,798154.3180769235,0.1762321688628428,700.0,1432453.4049130902,0.18337339673293213,1107.0,6628843.787032291,0.1443686066709947,1116.0,4008245.6369740292,0.15001842331514398,794.0,1378810.985642925,0.16166897689189902,130.0,841263.0357266515
86245.0,30183.0,0.08813264537074612,7601.0,37238872.84601924,25,0.10655690184938257,1589.0,3097939.9729928523,0.10555974259377356,1503.0,1258690.2824591324,0.09289813902255203,411.0,1054560.943189405,0.12333468606875761,3036.0,7428691.448140077,0.0727810307843933,1324.0,3592776.7141857743,0.0818714128355267,540.0,956844.9892451465,0.07883355556843875,802.0,825741.6618325636
21596.0,7952.0,0.09358214484163734,2021.0,9946776.15167298,26,0.11052972772735692,366.0,808237.3279680908,0.11654936099277644,496.0,542305.1883986145,0.11052972772735692,366.0,317577.34396809153,0.1515095388034821,1251.0,2006141.7029832974,0.0809872198555288,272.0,973034.841775015,0.08469160955732544,192.0,297218.9676338136,0.08524726801259493,180.0,197153.22574753128
35733.0,13104.0,0.10528083284358995,3762.0,16461667.850244833,27,0.11619511376038956,390.0,1228426.707086062,0.11392830156997734,309.0,526430.174249759,0.11619511376038956,390.0,400403.82908606343,0.12089665015531861,558.0,2531411.8902497794,0.08350824168135897,778.0,1998006.1881391034,0.09044860493101614,530.0,349477.1834060084,0.08630677524976912,678.0,391755.9257235881
34794.0,12995.0,0.13896074035753292,4835.0,23594513.051121913,28,0.14439271138702076,189.0,2001327.1697480008,0.1412025061792263,78.0,417899.9538825825,0.14439271138702076,189.0,765104.9417480007,0.1607748462378571,759.0,3920255.6906504706,0.13315514169109616,202.0,2569345.4939598367,0.1359429786744841,105.0,970942.9485512376,0.13720756452261884,61.0,495069.95503342524
66775.0,25316.0,0.1288655934107076,8605.0,43929985.77534275,30,0.13177087233245977,194.0,3044360.4250002876,0.13961812055409958,718.0,923730.8604210466,0.13072257581430177,124.0,1196229.7535215467,0.14550355672032947,1111.0,5924557.164408207,0.11320104829651816,1046.0,3613043.854389921,0.11980531636091352,605.0,1522166.485586375,0.12748783227255708,92.0,762561.0118344426
29762.0,10807.0,0.20556414219474498,6118.0,30203368.03320965,31,0.21685370606814058,336.0,2455952.234633047,0.21735770445534575,351.0,762976.0635742173,0.2159465089711713,309.0,959128.6680612266,0.23170485854445266,778.0,4328930.580140874,0.176466635306767,866.0,3438686.1269403324,0.187890598750084,526.0,1205370.6091846079,0.20556414219474498,0.0,720200.0
60340.0,23460.0,0.09971826317533974,6017.0,34273634.20586009,32,0.11281073914484588,790.0,2366601.1151549816,0.11488233344381836,915.0,1148700.3824006468,0.1081703679151475,510.0,835208.6487671733,0.12330129267484256,1423.0,5145904.282754853,0.08771958899569109,724.0,2447342.0426336788,0.08891282731189924,652.0,880615.746792309,0.09073583029499503,542.0,468622.09226151556
30890.0,13481.0,0.15202330851408222,4696.0,31987373.27941425,35,0.19015862738750405,1178.0,1860996.3007001877,0.16736808028488184,474.0,449755.17102257535,0.16510197474910973,404.0,632743.3894563802,0.19491744901262545,1325.0,4036639.5256769657,0.13959210100356104,384.0,1873927.5945585147,0.14648753641955325,171.0,659303.899061732,0.1508902557461962,35.0,360506.35773409903
16443.0,6378.0,0.07571611019886881,1245.0,6478545.861091186,36,0.08757525998905309,195.0,603628.4258743217,0.07936507936507936,60.0,143222.41605942603,0.07936507936507936,60.0,205971.55605942663,0.08757525998905309,195.0,1233364.665874321,0.0622149242838898,222.0,426412.06531408895,0.06902633339414949,110.0,173541.12273408938,0.06902633339414949,110.0,92007.67103409022
19064.0,10231.0,0.15337809483843895,2924.0,22985676.234326914,39,0.15337809483843895,0.0,843183.870000001,0.15337809483843895,0.0,387600.0,0.15337809483843895,0.0,337273.5480000004,0.15736466638690727,76.0,1622794.912956722,0.15086026017624843,48.0,700586.4992802329,0.1462442299622325,136.0,456373.8648241386,0.15337809483843895,0.0,175760.0
14293.0,5981.0,0.0883649338837193,1263.0,6268619.699090927,41,0.09585111593087525,107.0,195984.74007417355,0.0883649338837193,0.0,40800.0,0.0883649338837193,0.0,76231.50399999972,0.09585111593087525,107.0,406868.80007417407,0.06807528160638075,290.0,471663.4902006788,0.0883649338837193,0.0,108629.89320000075,0.06807528160638075,290.0,129328.29540067818
21254.0,11610.0,0.20344405758915968,4324.0,23580100.074924648,43,0.20419685706220006,16.0,2015575.352032531,0.20344405758915968,0.0,569500.0,0.20344405758915968,0.0,805896.5439999998,0.21332455067281453,210.0,3530291.349403303,0.15902888867977794,944.0,909324.7890753485,0.1650983344311659,815.0,740478.6174654663,0.185706220005646,377.0,288858.3107898049
97161.0,38615.0,0.11995553771575014,11655.0,62811480.34234058,46,0.12829221601259766,810.0,3981282.3753700405,0.12968166239540557,945.0,791898.5470363423,0.12454585687673038,446.0,1456068.7746178433,0.13978859830590462,1927.0,7204887.911445774,0.10993093936867673,974.0,5199057.024869584,0.11697080104157018,290.0,1788816.3375042602,0.11797943619353445,192.0,946693.4202342108
25926.0,9506.0,0.097855434698758,2537.0,12278148.406499486,48,0.129676772352079,825.0,1127539.1747763623,0.14900100285427756,1326.0,942646.9871583879,0.11802823420504513,523.0,398691.697239412,0.17391807451978708,1972.0,3254678.8657147177,0.08161690966597239,421.0,1479453.4267051723,0.08161690966597239,421.0,233842.04260517284,0.0914911671680938,165.0,267180.58981820755
39868.0,13917.0,0.08994682452091904,3586.0,13896466.997950677,50,0.11011337413464432,804.0,1953581.760828061,0.10725393799538477,690.0,2048443.7044466157,0.10454499849503361,582.0,743295.2515620813,0.11061502959767232,824.0,4996454.850841243,0.0851560148490017,191.0,1275730.267877251,0.07502257449583626,595.0,898253.0846594442,0.078709742149092,448.0,353337.3586457595
16650.0,6246.0,0.07693693693693694,1281.0,5771822.098294551,51,0.07693693693693694,0.0,146872.16000000015,0.07693693693693694,0.0,51000.0,0.07693693693693694,0.0,58748.86399999913,0.08726726726726727,172.0,284198.23170842417,0.07423423423423424,45.0,219898.59564962797,0.07693693693693694,0.0,83717.13120000064,0.07693693693693694,0.0,46800.0
